"ONTOLOGY","ID","Description","GeneRatio","BgRatio","pvalue","p.adjust","qvalue","geneID","Count"
"BP","GO:0060740","prostate gland epithelium morphogenesis","2/14","26/18870",0.000164442603309557,0.0283914808144868,0.0149955004301867,"10481/6662",2
"BP","GO:0060512","prostate gland morphogenesis","2/14","28/18870",0.000191097297411327,0.0283914808144868,0.0149955004301867,"10481/6662",2
"BP","GO:0031128","developmental induction","2/14","34/18870",0.000282892187996712,0.0283914808144868,0.0149955004301867,"6662/3227",2
"BP","GO:0048736","appendage development","3/14","182/18870",0.000297055603337402,0.0283914808144868,0.0149955004301867,"6662/3227/3229",3
"BP","GO:0060173","limb development","3/14","182/18870",0.000297055603337402,0.0283914808144868,0.0149955004301867,"6662/3227/3229",3
"BP","GO:0110110","positive regulation of animal organ morphogenesis","2/14","35/18870",0.000299910008603734,0.0283914808144868,0.0149955004301867,"6662/3227",2
"BP","GO:0033574","response to testosterone","2/14","45/18870",0.000496899234905183,0.0403198236323063,0.0212956814959364,"10481/6716",2
"BP","GO:0030850","prostate gland development","2/14","50/18870",0.000613548483451198,0.043561942325035,0.0230080681294199,"10481/6662",2
