"ONTOLOGY","ID","Description","GeneRatio","BgRatio","RichFactor","FoldEnrichment","zScore","pvalue","p.adjust","qvalue","geneID","Count"
"BP","GO:0007059","chromosome segregation","11/90","431/18805",0.0255220417633411,5.33268883732921,6.31023799898459,6.60237246491337e-06,0.0132179496747566,0.0115437270149696,"9928/57405/56992/1894/84057/64946/11130/5728/116028/7153/79019",11
"BP","GO:0098813","nuclear chromosome segregation","9/90","322/18805",0.0279503105590062,5.84006211180124,6.07496946369506,2.3676739736243e-05,0.0237004164759792,0.0206984551062629,"9928/57405/56992/1894/84057/11130/5728/116028/7153",9
"BP","GO:0000280","nuclear division","10/90","448/18805",0.0223214285714286,4.66393849206349,5.44299314905472,5.55935470217361e-05,0.0370994270458386,0.0324003093344224,"9928/3553/57405/56992/84057/11130/5728/10635/7153/8877",10
