"ONTOLOGY","ID","Description","GeneRatio","BgRatio","pvalue","p.adjust","qvalue","geneID","Count"
"CC","GO:0005777","peroxisome","3/31","143/19886",0.00141216811983803,0.044483295774898,0.0416217972162789,"51015/4257/225",3
"CC","GO:0042579","microbody","3/31","143/19886",0.00141216811983803,0.044483295774898,0.0416217972162789,"51015/4257/225",3
