"ONTOLOGY","ID","Description","GeneRatio","BgRatio","pvalue","p.adjust","qvalue","geneID","Count"
"CC","GO:0150034","distal axon","3/13","276/19886",0.00068227747580893,0.0307024864114019,0.0229819781325113,"5582/5881/51393",3
"MF","GO:0008374","O-acyltransferase activity","2/13","55/18496",0.000663120141067482,0.0377978480408465,0.0230346996370809,"84649/9588",2
