"ONTOLOGY","ID","Description","GeneRatio","BgRatio","RichFactor","FoldEnrichment","zScore","pvalue","p.adjust","qvalue","geneID","Count"
"MF","GO:0019957","C-C chemokine binding","2/13","24/18639",0.0833333333333333,119.480769230769,15.3438200416425,0.000122871698432982,0.0128825390342422,0.00751995101520361,"51554/7538",2
"MF","GO:0019956","chemokine binding","2/13","33/18639",0.0606060606060606,86.8951048951049,13.0469923143712,0.000234227982440768,0.0128825390342422,0.00751995101520361,"51554/7538",2
"MF","GO:1990841","promoter-specific chromatin binding","2/13","68/18639",0.0294117647058824,42.1696832579186,8.98516108770755,0.000996733348088374,0.0365468894299071,0.0213335909590845,"1958/9314",2
