"category","subcategory","ID","Description","GeneRatio","BgRatio","pvalue","p.adjust","qvalue","geneID","Count"
"Cellular Processes","Cell growth and death","hsa04110","Cell cycle","19/57","158/8865",6.96694517295698e-20,6.96694517295698e-18,6.673600113043e-18,"9212/701/57082/7272/699/991/891/157570/995/5347/983/1870/8318/9700/151648/113130/9232/9133/4085",19
"Cellular Processes","Cell growth and death","hsa04114","Oocyte meiosis","12/57","139/8865",5.29745216216436e-11,2.64872608108218e-09,2.53720077240503e-09,"6790/699/991/891/995/5347/983/9700/151648/9232/9133/4085",12
"Cellular Processes","Cell motility","hsa04814","Motor proteins","10/57","197/8865",4.06908884378709e-07,1.1628784118336e-05,1.11391511028271e-05,"9928/9493/24137/11004/81930/146909/56992/3833/3832/285643",10
"Organismal Systems","Endocrine system","hsa04914","Progesterone-mediated oocyte maturation","8/57","111/8865",4.6515136473344e-07,1.1628784118336e-05,1.11391511028271e-05,"6790/699/891/995/5347/983/9133/4085",8
"Cellular Processes","Cell growth and death","hsa04115","p53 signaling pathway","5/57","75/8865",0.000112567829098513,0.00225135658197027,0.00215656262062415,"51512/6241/891/983/9133",5
"Cellular Processes","Cell growth and death","hsa04218","Cellular senescence","6/57","157/8865",0.000482752127800431,0.00772126746126866,0.00739616146289946,"4605/2305/891/983/1870/9133",6
"Human Diseases","Infectious disease: viral","hsa05166","Human T-cell leukemia virus 1 infection","7/57","224/8865",0.000540488722288806,0.00772126746126866,0.00739616146289946,"701/991/1870/9700/9232/9133/4085",7
